country,Purchasing Power Value,Purchasing Power Category,Safety Value,Safety Category,Health Care Value,Health Care Category,Climate Value,Climate Category,Cost of Living Value,Cost of Living Category,Property Price to Income Value,Property Price to Income Category,Traffic Commute Time Value,Traffic Commute Time Category,Pollution Value,Pollution Category,Quality of Life Value,Quality of Life Category,Country name,Regional indicator,Ladder score,Standard error of ladder score,upperwhisker,lowerwhisker,Logged GDP per capita,Social support,Healthy life expectancy,Freedom to make life choices,Generosity,Perceptions of corruption,Ladder score in Dystopia,Explained by: Log GDP per capita,Explained by: Social support,Explained by: Healthy life expectancy,Explained by: Freedom to make life choices,Explained by: Generosity,Explained by: Perceptions of corruption,Dystopia + residual,value,year,weighted_happiness,Regional Happiness Deviation,Health Care to Life Expectancy Ratio,Affordability Ratio
Afghanistan,32.15,'Very Low',25.33,'Low',24.24,'Low',0.0,,21.08,'Very Low',7.8,'Low',56.17,'Very High',84.44,'Very High',0.0,,Afghanistan,South Asia,2.523,0.038,2.596,2.449,7.695,0.463,52.493,0.382,-0.102,0.924,2.43,0.37,0.0,0.126,0.0,0.122,0.01,1.895,37466414.0,2021,4.076092212205721,-1.5530922122057205,0.46177585582839614,1.5251423149905123
Albania,42.82,'Low',55.52,'Moderate',48.21,'Moderate',86.43,'Very High',40.85,'Low',14.88,'High',36.74,'Moderate',77.25,'High',': 104.16','Low',Albania,Central and Eastern Europe,5.117,0.059,5.234,5.001,9.52,0.697,68.999,0.785,-0.03,0.901,2.43,1.008,0.529,0.646,0.491,0.168,0.024,2.25,3088385.0,2021,6.047666549409775,-0.930666549409775,0.6987057783446138,1.0482252141982864
Algeria,27.6,'Very Low',47.54,'Moderate',54.43,'Moderate',94.82,'Very High',25.31,'Very Low',21.7,'Very High',45.09,'High',63.87,'High',': 98.83','Very Low',Algeria,Middle East and North Africa,4.887,0.053,4.991,4.783,9.342,0.802,66.005,0.48,-0.067,0.752,2.43,0.946,0.765,0.552,0.119,0.144,0.12,2.242,43576691.0,2021,4.85022039012906,0.036779609870939645,0.8246344973865617,1.0904780719083367
Argentina,40.36,'Low',36.36,'Low',68.0,'High',98.28,'Very High',32.65,'Very Low',20.05,'Very High',44.07,'High',50.81,'Moderate',': 115.06','Low',Argentina,Latin America and Caribbean,5.929,0.056,6.04,5.819,9.962,0.898,69.0,0.828,-0.182,0.834,2.43,1.162,0.98,0.646,0.544,0.069,0.067,2.461,45864941.0,2021,6.077531450325029,-0.148531450325029,0.9855072463768116,1.2361408882082696
Armenia,36.91,'Very Low',77.81,'High',58.07,'Moderate',63.42,'High',41.84,'Low',20.95,'Very High',29.31,'Low',62.55,'High',': 116.56','Low',Armenia,Commonwealth of Independent States,5.283,0.058,5.397,5.168,9.487,0.799,67.055,0.825,-0.168,0.629,2.43,0.996,0.758,0.585,0.54,0.079,0.198,2.127,3011609.0,2021,5.48533912390964,-0.20233912390963926,0.8660055178584743,0.8821701720841298
Australia,137.58,'Very High',52.71,'Moderate',73.35,'High',93.8,'Very High',64.5,'Moderate',8.25,'Moderate',37.48,'Moderate',26.8,'Low',': 190.69','Very High',Australia,North America and ANZ,7.183,0.041,7.265,7.102,10.796,0.94,73.9,0.914,0.159,0.442,2.43,1.453,1.076,0.801,0.647,0.291,0.317,2.598,25809973.0,2021,6.984146069359896,0.19885393064010426,0.9925575101488496,2.1330232558139537
Austria,109.08,'High',70.38,'High',77.83,'High',77.4,'High',62.22,'Moderate',11.76,'Moderate',23.77,'Very Low',20.73,'Low',': 192.07','Very High',Austria,Western Europe,7.268,0.036,7.337,7.198,10.906,0.934,73.3,0.908,0.042,0.481,2.43,1.492,1.062,0.782,0.64,0.215,0.292,2.784,8884864.0,2021,6.864193678200183,0.40380632179981646,1.061800818553888,1.7531340405014464
Azerbaijan,41.75,'Low',68.12,'High',48.31,'Moderate',91.4,'Very High',30.26,'Very Low',15.24,'High',40.63,'Moderate',72.69,'High',': 113.51','Low',Azerbaijan,Commonwealth of Independent States,5.171,0.04,5.25,5.091,9.569,0.836,65.656,0.814,-0.223,0.506,2.43,1.025,0.841,0.541,0.526,0.043,0.276,1.919,10282283.0,2021,5.48533912390964,-0.31433912390963936,0.735804800779822,1.3797091870456046
Bahrain,114.56,'Very High',75.28,'High',66.6,'High',64.31,'High',48.79,'Low',4.9,'Very Low',30.74,'Low',71.57,'High',': 158.68','High',Bahrain,Middle East and North Africa,6.647,0.068,6.779,6.514,10.669,0.862,69.495,0.925,0.089,0.722,2.43,1.409,0.899,0.662,0.661,0.246,0.139,2.631,1526929.0,2021,4.85022039012906,1.7967796098709403,0.9583423267860995,2.348022135683542
Bangladesh,36.16,'Very Low',38.79,'Low',42.2,'Moderate',71.29,'High',20.76,'Very Low',12.26,'High',57.57,'Very High',85.31,'Very High',': 74.51','Very Low',Bangladesh,South Asia,5.025,0.046,5.115,4.934,8.454,0.693,64.8,0.877,-0.041,0.682,2.43,0.635,0.52,0.514,0.603,0.161,0.164,2.427,164098818.0,2021,4.076092212205721,0.9489077877942798,0.6512345679012347,1.7418111753371865
Belarus,56.24,'Low',49.99,'Moderate',48.5,'Moderate',64.37,'High',25.11,'Very Low',12.79,'High',31.2,'Low',44.94,'Moderate',': 127.48','Moderate',Belarus,Commonwealth of Independent States,5.534,0.047,5.625,5.442,9.853,0.91,66.253,0.65,-0.18,0.627,2.43,1.124,1.007,0.56,0.326,0.07,0.199,2.247,9441842.0,2021,5.48533912390964,0.04866087609036018,0.7320423226118062,2.2397451214655515
Belgium,118.62,'Very High',50.42,'Moderate',75.76,'High',86.03,'Very High',57.41,'Low',6.82,'Low',35.19,'Moderate',49.45,'Moderate',': 168.52','Very High',Belgium,Western Europe,6.834,0.034,6.901,6.767,10.823,0.906,72.199,0.783,-0.153,0.646,2.43,1.463,0.998,0.747,0.489,0.088,0.187,2.862,11778842.0,2021,6.864193678200183,-0.030193678200183705,1.04932201277026,2.0661905591360394
Benin,0.0,,62.16,'High',51.39,'Moderate',0.0,,0.0,,0.0,,26.0,'Very Low',97.41,'Very High',0.0,,Benin,Sub-Saharan Africa,5.045,0.073,5.189,4.901,8.087,0.489,54.713,0.757,-0.034,0.661,2.43,0.507,0.058,0.196,0.457,0.166,0.178,3.482,13301694.0,2021,4.522949692962237,0.5220503070377633,0.9392648913420942,
Bolivia,43.04,'Low',35.0,'Low',45.98,'Moderate',0.0,,25.28,'Very Low',12.54,'High',39.94,'Moderate',71.92,'High',0.0,,Bolivia,Latin America and Caribbean,5.716,0.053,5.819,5.613,9.046,0.81,63.901,0.875,-0.077,0.839,2.43,0.842,0.782,0.486,0.6,0.138,0.064,2.805,11758869.0,2021,6.077531450325029,-0.3615314503250291,0.7195505547644011,1.7025316455696202
Botswana,64.6,'Moderate',47.3,'Moderate',61.12,'High',88.87,'Very High',40.05,'Low',118.01,'Very High',28.53,'Low',46.09,'Moderate',': 36.55','Very Low',Botswana,Sub-Saharan Africa,3.467,0.074,3.611,3.322,9.782,0.784,59.269,0.824,-0.246,0.801,2.43,1.099,0.724,0.34,0.539,0.027,0.088,0.648,2350667.0,2021,4.522949692962237,-1.0559496929622365,1.0312304914879618,1.612983770287141
Brazil,42.13,'Low',35.36,'Low',59.21,'Moderate',94.31,'Very High',27.14,'Very Low',15.4,'High',40.63,'Moderate',52.84,'Moderate',': 115.99','Low',Brazil,Latin America and Caribbean,6.33,0.043,6.415,6.245,9.577,0.882,66.601,0.804,-0.071,0.756,2.43,1.028,0.944,0.571,0.514,0.142,0.117,3.015,213445417.0,2021,6.077531450325029,0.2524685496749708,0.8890256903049504,1.5523212969786293
Bulgaria,77.66,'Moderate',63.73,'High',58.15,'Moderate',82.76,'Very High',35.86,'Very Low',9.22,'Moderate',29.05,'Low',62.94,'High',': 144.49','Moderate',Bulgaria,Central and Eastern Europe,5.266,0.054,5.371,5.16,10.016,0.931,67.0,0.788,-0.096,0.932,2.43,1.181,1.055,0.583,0.494,0.125,0.005,1.823,6919180.0,2021,6.047666549409775,-0.781666549409775,0.867910447761194,2.165644171779141
Burkina Faso,0.0,,61.16,'High',49.31,'Moderate',0.0,,0.0,,1.25,'Very Low',50.0,'High',0.0,,0.0,,Burkina Faso,Sub-Saharan Africa,4.834,0.081,4.993,4.675,7.678,0.672,54.151,0.695,-0.009,0.748,2.43,0.364,0.472,0.179,0.381,0.182,0.122,3.133,21382659.0,2021,4.522949692962237,0.31105030703776304,0.9106018356078374,
Burundi,0.0,,43.44,'Moderate',34.44,'Low',0.0,,0.0,,20.67,'Very High',33.0,'Low',87.84,'Very High',0.0,,Burundi,Sub-Saharan Africa,3.775,0.107,3.985,3.565,6.635,0.49,53.4,0.626,-0.024,0.607,2.43,0.0,0.062,0.155,0.298,0.172,0.212,2.876,12241065.0,2021,4.522949692962237,-0.7479496929622367,0.6449438202247191,
Cambodia,26.95,'Very Low',48.19,'Moderate',50.71,'Moderate',59.43,'Moderate',34.38,'Very Low',26.77,'Very High',28.0,'Low',77.77,'High',': 78.92','Very Low',Cambodia,Southeast Asia,4.83,0.067,4.963,4.698,8.36,0.765,62.0,0.959,0.034,0.843,2.43,0.603,0.68,0.426,0.702,0.21,0.061,2.148,17304363.0,2021,5.516256550196491,-0.6862565501964912,0.8179032258064516,0.7838859802210587
Cameroon,10.02,'Very Low',34.53,'Low',45.53,'Moderate',0.0,,37.61,'Very Low',46.06,'Very High',46.0,'High',93.71,'Very High',0.0,,Cameroon,Sub-Saharan Africa,5.142,0.074,5.288,4.996,8.189,0.71,53.515,0.731,0.026,0.848,2.43,0.543,0.556,0.159,0.425,0.205,0.058,3.195,28524175.0,2021,4.522949692962237,0.6190503070377638,0.8507894982715126,0.2664185057165647
Canada,111.31,'Very High',54.34,'Moderate',68.82,'High',55.41,'Moderate',60.55,'Moderate',10.47,'Moderate',33.53,'Low',29.8,'Low',': 164.54','Very High',Canada,North America and ANZ,7.103,0.042,7.185,7.021,10.776,0.926,73.8,0.915,0.089,0.415,2.43,1.447,1.044,0.798,0.648,0.246,0.335,2.585,37943231.0,2021,6.984146069359896,0.11885393064010419,0.932520325203252,1.83831544178365
Chad,20.21,'Very Low',32.16,'Low',44.21,'Moderate',0.0,,46.23,'Low',2.69,'Very Low',6.0,'Very Low',60.56,'High',0.0,,Chad,Sub-Saharan Africa,4.355,0.094,4.54,4.171,7.364,0.619,48.478,0.579,0.041,0.807,2.43,0.255,0.353,0.0,0.24,0.215,0.084,3.209,17414108.0,2021,4.522949692962237,-0.16794969296223616,0.9119600643590907,0.43716201600692195
Chile,51.47,'Low',39.55,'Low',63.52,'High',90.21,'Very High',36.29,'Very Low',16.03,'Very High',36.04,'Moderate',77.51,'High',': 106.49','Low',Chile,Latin America and Caribbean,6.172,0.046,6.262,6.081,10.071,0.882,70.0,0.742,-0.044,0.83,2.43,1.2,0.946,0.678,0.438,0.159,0.07,2.682,18307925.0,2021,6.077531450325029,0.09446854967497043,0.9074285714285715,1.418297051529347
China,78.42,'Moderate',75.82,'High',68.53,'High',79.61,'High',31.23,'Very Low',28.6,'Very High',38.9,'Moderate',77.3,'High',': 120.52','Moderate',China,East Asia,5.339,0.029,5.397,5.281,9.673,0.811,69.593,0.904,-0.146,0.755,2.43,1.061,0.785,0.665,0.636,0.093,0.117,1.982,1397897720.0,2021,5.388822451522537,-0.049822451522536504,0.9847254752633167,2.51104707012488
Colombia,36.19,'Very Low',39.14,'Low',68.44,'High',96.69,'Very High',25.48,'Very Low',17.98,'Very High',47.15,'High',62.47,'High',': 107.90','Low',Colombia,Latin America and Caribbean,6.012,0.061,6.132,5.892,9.557,0.847,68.001,0.837,-0.135,0.841,2.43,1.021,0.866,0.615,0.554,0.1,0.063,2.794,50355650.0,2021,6.077531450325029,-0.06553145032502972,1.006455787414891,1.4203296703296702
Comoros,41.96,'Low',52.94,'Moderate',0.0,,0.0,,35.91,'Very Low',11.15,'Moderate',0.0,,0.0,,0.0,,Comoros,Sub-Saharan Africa,4.289,0.084,4.454,4.123,8.031,0.626,57.349,0.548,0.082,0.781,2.43,0.488,0.367,0.279,0.202,0.241,0.101,2.61,864335.0,2021,4.522949692962237,-0.2339496929622369,0.0,1.168476747424116
Costa Rica,50.9,'Low',46.04,'Moderate',64.29,'High',99.48,'Very High',50.18,'Low',9.63,'Moderate',59.99,'Very High',42.39,'Moderate',': 129.35','Moderate',Costa Rica,Latin America and Caribbean,7.069,0.056,7.179,6.96,9.88,0.891,71.4,0.934,-0.126,0.809,2.43,1.134,0.966,0.722,0.673,0.105,0.083,3.387,5151140.0,2021,6.077531450325029,0.9914685496749707,0.9004201680672269,1.0143483459545635
Croatia,83.85,'Moderate',74.54,'High',64.66,'High',89.23,'Very High',43.23,'Low',12.45,'High',25.79,'Very Low',31.1,'Low',': 176.02','Very High',Croatia,Central and Eastern Europe,5.882,0.048,5.975,5.788,10.217,0.924,70.799,0.754,-0.118,0.939,2.43,1.251,1.039,0.703,0.453,0.111,0.0,2.325,4208973.0,2021,6.047666549409775,-0.16566654940977532,0.9132897357307306,1.9396252602359472
Cyprus,84.66,'Moderate',66.9,'High',57.13,'Moderate',90.87,'Very High',50.99,'Low',8.06,'Moderate',23.59,'Very Low',54.99,'Moderate',': 158.84','High',Cyprus,Western Europe,6.223,0.049,6.319,6.128,10.576,0.802,73.898,0.763,-0.015,0.844,2.43,1.377,0.765,0.801,0.464,0.178,0.061,2.578,1281506.0,2021,6.864193678200183,-0.6411936782001835,0.7730926412081518,1.6603255540302018
Denmark,134.75,'Very High',73.81,'High',78.5,'High',82.47,'Very High',68.9,'Moderate',6.36,'Low',27.93,'Low',20.75,'Low',': 208.65','Very High',Denmark,Western Europe,7.62,0.035,7.687,7.552,10.933,0.954,72.7,0.946,0.03,0.179,2.43,1.502,1.108,0.763,0.686,0.208,0.485,2.868,5894687.0,2021,6.864193678200183,0.7558063217998168,1.0797799174690508,1.9557329462989839
Dominican Republic,31.82,'Very Low',39.4,'Low',58.26,'Moderate',67.82,'High',34.75,'Very Low',16.89,'Very High',40.69,'Moderate',72.8,'High',': 89.09','Very Low',Dominican Republic,Latin America and Caribbean,5.545,0.071,5.685,5.405,9.802,0.853,66.102,0.86,-0.133,0.714,2.43,1.106,0.879,0.555,0.581,0.101,0.144,2.178,10597348.0,2021,6.077531450325029,-0.5325314503250294,0.8813651629300172,0.9156834532374101
Ecuador,45.93,'Low',37.57,'Low',75.39,'High',94.51,'Very High',30.28,'Very Low',12.0,'High',37.68,'Moderate',59.05,'Moderate',': 125.58','Moderate',Ecuador,Latin America and Caribbean,5.764,0.057,5.875,5.653,9.313,0.821,68.8,0.842,-0.124,0.843,2.43,0.935,0.806,0.64,0.56,0.107,0.062,2.653,17093159.0,2021,6.077531450325029,-0.31353145032502905,1.0957848837209303,1.5168428005284016
Egypt,21.15,'Very Low',52.64,'Moderate',47.32,'Moderate',91.98,'Very High',19.46,'Very Low',17.85,'Very High',48.1,'High',82.67,'Very High',': 85.41','Very Low',Egypt,Middle East and North Africa,4.283,0.045,4.371,4.195,9.367,0.75,61.998,0.749,-0.182,0.795,2.43,0.954,0.647,0.426,0.446,0.069,0.092,1.648,106437241.0,2021,4.85022039012906,-0.5672203901290596,0.7632504274331431,1.0868448098663925
El Salvador,33.72,'Very Low',40.58,'Moderate',51.67,'Moderate',86.6,'Very High',38.13,'Very Low',16.0,'Very High',40.39,'Moderate',75.37,'High',': 93.05','Very Low',El Salvador,Latin America and Caribbean,6.061,0.065,6.188,5.933,9.054,0.762,66.402,0.888,-0.11,0.688,2.43,0.845,0.675,0.565,0.615,0.116,0.16,3.085,6528135.0,2021,6.077531450325029,-0.01653145032502934,0.7781392126743171,0.8843430369787568
Estonia,83.91,'Moderate',76.37,'High',75.93,'High',64.28,'High',50.4,'Low',11.27,'Moderate',21.57,'Very Low',17.02,'Very Low',': 185.10','Very High',Estonia,Central and Eastern Europe,6.189,0.038,6.263,6.115,10.481,0.941,68.8,0.909,-0.106,0.527,2.43,1.344,1.079,0.64,0.641,0.119,0.263,2.103,1220042.0,2021,6.047666549409775,0.14133345059022506,1.1036337209302327,1.6648809523809525
Ethiopia,13.59,'Very Low',49.1,'Moderate',53.46,'Moderate',96.82,'Very High',43.89,'Low',49.87,'Very High',63.36,'Very High',73.24,'High',': 48.88','Very Low',Ethiopia,Sub-Saharan Africa,4.275,0.051,4.374,4.175,7.694,0.764,59.0,0.752,0.082,0.761,2.43,0.37,0.679,0.331,0.451,0.241,0.114,2.089,110871031.0,2021,4.522949692962237,-0.24794969296223623,0.9061016949152543,0.30963773069036227
Finland,126.13,'Very High',73.57,'High',77.57,'High',58.87,'Moderate',60.04,'Moderate',8.16,'Moderate',25.56,'Very Low',11.83,'Very Low',': 203.06','Very High',Finland,Western Europe,7.842,0.032,7.904,7.78,10.775,0.954,72.0,0.949,-0.098,0.186,2.43,1.446,1.106,0.741,0.691,0.124,0.481,3.253,5587442.0,2021,6.864193678200183,0.9778063217998163,1.077361111111111,2.100766155896069
France,111.7,'Very High',44.56,'Moderate',77.78,'High',89.71,'Very High',59.48,'Low',10.55,'Moderate',34.72,'Low',43.56,'Moderate',': 165.08','Very High',France,Western Europe,6.69,0.037,6.762,6.618,10.704,0.942,74.0,0.822,-0.147,0.571,2.43,1.421,1.081,0.804,0.536,0.092,0.235,2.521,68084217.0,2021,6.864193678200183,-0.17419367820018294,1.0510810810810811,1.8779421654337594
Gabon,20.07,'Very Low',39.86,'Low',31.48,'Low',0.0,,48.7,'Low',69.71,'Very High',16.35,'Very Low',76.47,'High',0.0,,Gabon,Sub-Saharan Africa,4.852,0.075,4.998,4.706,9.603,0.776,59.962,0.731,-0.2,0.84,2.43,1.037,0.707,0.362,0.424,0.058,0.064,2.201,2284912.0,2021,4.522949692962237,0.3290503070377637,0.5249991661385544,0.41211498973305954
Georgia,40.6,'Low',73.9,'High',56.34,'Moderate',88.53,'Very High',32.0,'Very Low',12.21,'High',38.63,'Moderate',67.54,'High',': 125.48','Moderate',Georgia,Commonwealth of Independent States,4.891,0.054,4.998,4.785,9.585,0.671,64.3,0.783,-0.238,0.655,2.43,1.03,0.47,0.498,0.488,0.032,0.181,2.191,4933674.0,2021,5.48533912390964,-0.5943391239096396,0.8762052877138414,1.26875
Germany,130.01,'Very High',60.77,'High',71.97,'High',83.3,'Very High',59.56,'Low',9.12,'Moderate',29.82,'Low',28.81,'Low',': 189.75','Very High',Germany,Western Europe,7.155,0.04,7.232,7.077,10.873,0.903,72.5,0.875,0.011,0.46,2.43,1.48,0.993,0.757,0.6,0.195,0.306,2.824,79903481.0,2021,6.864193678200183,0.2908063217998169,0.9926896551724138,2.1828408327736732
Ghana,17.4,'Very Low',54.65,'Moderate',57.38,'Moderate',67.03,'High',30.49,'Very Low',81.28,'Very High',39.67,'Moderate',86.91,'Very High',': 17.47','Very Low',Ghana,Sub-Saharan Africa,5.088,0.067,5.219,4.958,8.58,0.727,57.586,0.807,0.123,0.848,2.43,0.68,0.595,0.287,0.517,0.268,0.058,2.684,32372889.0,2021,4.522949692962237,0.5650503070377635,0.9964227416385928,0.5706789111183994
Greece,59.69,'Low',53.44,'Moderate',58.2,'Moderate',91.79,'Very High',47.78,'Low',12.72,'High',33.53,'Low',50.07,'Moderate',': 136.83','Moderate',Greece,Western Europe,5.723,0.046,5.813,5.632,10.279,0.823,72.6,0.582,-0.288,0.823,2.43,1.273,0.811,0.76,0.243,0.0,0.074,2.561,10569703.0,2021,6.864193678200183,-1.1411936782001835,0.8016528925619836,1.249267475931352
Guatemala,40.26,'Low',41.92,'Moderate',67.33,'High',99.89,'Very High',36.67,'Very Low',11.44,'Moderate',50.58,'High',73.47,'High',': 107.92','Low',Guatemala,Latin America and Caribbean,6.435,0.073,6.577,6.292,9.053,0.813,64.958,0.906,-0.038,0.775,2.43,0.845,0.79,0.519,0.638,0.163,0.105,3.375,17422821.0,2021,6.077531450325029,0.3574685496749703,1.0365159025832076,1.097900190891737
Guinea,0.0,,39.95,'Low',100.0,'Very High',0.0,,0.0,,0.68,'Very Low',0.0,,106.67,'Very High',0.0,,Guinea,Sub-Saharan Africa,4.984,0.09,5.16,4.808,7.838,0.639,55.008,0.697,0.095,0.766,2.43,0.42,0.399,0.206,0.384,0.25,0.111,3.216,12877894.0,2021,4.522949692962237,0.4610503070377634,1.8179173938336242,
Haiti,77.7,'Moderate',21.41,'Low',32.72,'Low',0.0,,51.39,'Low',5.5,'Low',80.67,'Very High',94.3,'Very High',0.0,,Haiti,Latin America and Caribbean,3.615,0.173,3.953,3.276,7.477,0.54,55.7,0.593,0.422,0.721,2.43,0.294,0.173,0.227,0.257,0.463,0.139,2.06,11198240.0,2021,6.077531450325029,-2.462531450325029,0.5874326750448833,1.5119673088149446
Honduras,43.68,'Low',27.75,'Low',37.83,'Low',0.0,,34.39,'Very Low',6.36,'Low',19.7,'Very Low',75.52,'High',0.0,,Honduras,Latin America and Caribbean,5.919,0.082,6.081,5.758,8.648,0.812,67.3,0.857,0.081,0.809,2.43,0.703,0.787,0.593,0.578,0.241,0.083,2.934,9346277.0,2021,6.077531450325029,-0.1585314503250297,0.562109955423477,1.2701366676359407
Hungary,70.34,'Moderate',66.28,'High',54.07,'Moderate',78.74,'High',37.72,'Very Low',13.22,'High',35.68,'Moderate',46.57,'Moderate',': 143.26','Moderate',Hungary,Central and Eastern Europe,5.992,0.047,6.085,5.899,10.358,0.943,68.0,0.755,-0.186,0.876,2.43,1.301,1.083,0.615,0.454,0.067,0.04,2.432,9728337.0,2021,6.047666549409775,-0.055666549409775,0.7951470588235294,1.8647932131495228
Iceland,126.81,'Very High',74.26,'High',67.63,'High',68.81,'High',81.71,'High',6.39,'Low',21.35,'Very Low',15.84,'Very Low',': 202.04','Very High',Iceland,Western Europe,7.554,0.059,7.67,7.438,10.878,0.983,73.0,0.955,0.16,0.673,2.43,1.482,1.172,0.772,0.698,0.293,0.17,2.967,354234.0,2021,6.864193678200183,0.6898063217998169,0.9264383561643835,1.5519520254558807
India,86.09,'High',55.67,'Moderate',65.43,'High',64.1,'High',19.93,'Very Low',11.26,'Moderate',46.54,'High',72.89,'High',': 124.70','Moderate',India,South Asia,3.819,0.026,3.869,3.769,8.755,0.603,60.633,0.893,0.089,0.774,2.43,0.741,0.316,0.383,0.622,0.246,0.106,1.405,1339330514.0,2021,4.076092212205721,-0.25709221220572065,1.0791153332343775,4.31961866532865
Indonesia,33.47,'Very Low',54.11,'Moderate',60.84,'High',63.76,'High',25.31,'Very Low',16.65,'Very High',43.11,'High',67.99,'High',': 99.98','Very Low',Indonesia,Southeast Asia,5.345,0.056,5.454,5.235,9.365,0.811,62.236,0.873,0.542,0.867,2.43,0.954,0.786,0.433,0.598,0.541,0.046,1.987,275122131.0,2021,5.516256550196491,-0.17125655019649155,0.9775692525226558,1.3224022125642039
Iran,29.9,'Very Low',49.67,'Moderate',52.62,'Moderate',70.99,'High',24.03,'Very Low',20.05,'Very High',46.92,'High',75.24,'High',': 85.42','Very Low',Iran,Middle East and North Africa,4.721,0.055,4.828,4.614,9.584,0.71,66.3,0.608,0.218,0.714,2.43,1.03,0.557,0.561,0.275,0.33,0.144,1.823,85888910.0,2021,4.85022039012906,-0.12922039012905984,0.7936651583710407,1.2442779858510193
Iraq,55.15,'Low',57.47,'Moderate',45.9,'Moderate',46.98,'Moderate',26.81,'Very Low',8.17,'Moderate',37.05,'Moderate',71.53,'High',': 107.76','Low',Iraq,Middle East and North Africa,4.854,0.059,4.97,4.738,9.24,0.746,60.583,0.63,-0.053,0.875,2.43,0.91,0.638,0.381,0.302,0.153,0.041,2.429,39650145.0,2021,4.85022039012906,0.0037796098709401704,0.7576382813660598,2.0570682581126447
Ireland,112.53,'Very High',52.53,'Moderate',51.38,'Moderate',87.83,'Very High',60.85,'Moderate',6.58,'Low',37.76,'Moderate',34.79,'Low',': 166.37','Very High',Ireland,Western Europe,7.085,0.04,7.164,7.006,11.342,0.947,72.4,0.879,0.077,0.363,2.43,1.644,1.092,0.753,0.606,0.238,0.367,2.384,5224884.0,2021,6.864193678200183,0.22080632179981663,0.7096685082872928,1.8493015612161052
Israel,108.83,'High',68.25,'High',73.34,'High',93.78,'Very High',63.19,'Moderate',13.98,'High',36.61,'Moderate',56.84,'Moderate',': 161.76','Very High',Israel,Middle East and North Africa,7.157,0.034,7.224,7.09,10.575,0.939,73.503,0.8,0.031,0.753,2.43,1.376,1.074,0.788,0.509,0.208,0.119,3.083,8787045.0,2021,4.85022039012906,2.30677960987094,0.9977824034393155,1.7222661813578097
Italy,87.2,'High',53.03,'Moderate',65.13,'High',90.78,'Very High',52.12,'Low',9.47,'Moderate',32.36,'Low',53.67,'Moderate',': 151.06','High',Italy,Western Europe,6.483,0.045,6.572,6.395,10.623,0.88,73.8,0.693,-0.084,0.866,2.43,1.393,0.94,0.798,0.379,0.133,0.047,2.794,62390364.0,2021,6.864193678200183,-0.3811936782001837,0.882520325203252,1.6730621642363777
Jamaica,36.87,'Very Low',32.61,'Low',51.52,'Moderate',71.58,'High',49.56,'Low',20.19,'Very High',44.5,'High',66.31,'High',': 83.92','Very Low',Jamaica,Latin America and Caribbean,6.309,0.156,6.615,6.004,9.186,0.877,67.5,0.89,-0.137,0.884,2.43,0.891,0.932,0.599,0.618,0.099,0.035,3.135,2816602.0,2021,6.077531450325029,0.23146854967497088,0.7632592592592593,0.7439467312348668
Japan,120.74,'Very High',77.07,'High',79.81,'High',85.26,'Very High',46.99,'Low',12.29,'High',40.33,'Moderate',38.55,'Low',': 184.32','Very High',Japan,East Asia,5.94,0.04,6.02,5.861,10.611,0.884,75.1,0.796,-0.258,0.638,2.43,1.389,0.949,0.838,0.504,0.02,0.192,2.048,124687293.0,2021,5.388822451522537,0.5511775484774635,1.0627163781624502,2.569482868695467
Jordan,52.44,'Low',59.78,'Moderate',65.23,'High',89.05,'Very High',37.64,'Very Low',6.77,'Low',39.38,'Moderate',77.1,'High',': 125.01','Moderate',Jordan,Middle East and North Africa,4.395,0.062,4.516,4.273,9.182,0.767,67.0,0.755,-0.167,0.705,2.43,0.89,0.685,0.583,0.455,0.079,0.15,1.553,10909567.0,2021,4.85022039012906,-0.45522039012906035,0.9735820895522389,1.3931987247608926
Kazakhstan,51.89,'Low',54.62,'Moderate',60.65,'High',39.78,'Moderate',28.08,'Very Low',10.27,'Moderate',35.62,'Moderate',73.16,'High',': 105.92','Low',Kazakhstan,Commonwealth of Independent States,6.152,0.047,6.243,6.06,10.155,0.952,65.2,0.853,-0.069,0.733,2.43,1.23,1.103,0.527,0.573,0.143,0.132,2.446,19245793.0,2021,5.48533912390964,0.6666608760903605,0.9302147239263803,1.847934472934473
Kenya,35.6,'Very Low',44.24,'Moderate',61.54,'High',99.79,'Very High',28.23,'Very Low',18.77,'Very High',50.59,'High',69.04,'High',': 101.33','Low',Kenya,Sub-Saharan Africa,4.607,0.072,4.747,4.466,8.361,0.688,60.704,0.779,0.287,0.825,2.43,0.603,0.508,0.385,0.483,0.375,0.073,2.18,54685051.0,2021,4.522949692962237,0.08405030703776362,1.0137717448603056,1.261069783917818
Kuwait,176.8,'Very High',67.19,'High',57.93,'Moderate',20.22,'Moderate',40.82,'Low',6.69,'Low',35.32,'Moderate',69.37,'High',': 159.55','High',Kuwait,Middle East and North Africa,6.106,0.066,6.235,5.977,10.817,0.843,66.9,0.867,-0.104,0.736,2.43,1.461,0.857,0.58,0.591,0.12,0.13,2.368,3032065.0,2021,4.85022039012906,1.25577960987094,0.8659192825112106,4.3312101910828025
Kyrgyzstan,35.11,'Very Low',46.17,'Moderate',57.62,'Moderate',58.11,'Moderate',25.72,'Very Low',12.89,'High',37.7,'Moderate',70.38,'High',': 98.32','Very Low',Kyrgyzstan,Commonwealth of Independent States,5.744,0.046,5.834,5.653,8.538,0.893,64.401,0.935,0.119,0.908,2.43,0.665,0.971,0.501,0.673,0.266,0.02,2.648,6018789.0,2021,5.48533912390964,0.25866087609036015,0.8947066039347216,1.365085536547434
Laos,32.51,'Very Low',63.72,'High',34.44,'Low',0.0,,32.57,'Very Low',12.67,'High',22.4,'Very Low',78.51,'High',0.0,,Laos,Southeast Asia,5.03,0.045,5.119,4.941,8.947,0.728,58.968,0.91,0.123,0.658,2.43,0.808,0.598,0.33,0.643,0.268,0.179,2.204,7574356.0,2021,5.516256550196491,-0.48625655019649106,0.5840455840455839,0.9981578139392078
Latvia,76.15,'Moderate',62.8,'High',62.4,'High',74.7,'High',44.96,'Low',8.38,'Moderate',28.7,'Low',30.4,'Low',': 164.22','Very High',Latvia,Central and Eastern Europe,6.032,0.036,6.103,5.961,10.315,0.927,67.1,0.715,-0.162,0.8,2.43,1.285,1.047,0.587,0.405,0.082,0.089,2.536,1862687.0,2021,6.047666549409775,-0.015666549409774966,0.9299552906110283,1.6937277580071175
Lebanon,34.84,'Very Low',53.16,'Moderate',63.69,'High',94.74,'Very High',38.99,'Very Low',16.26,'Very High',38.75,'Moderate',89.41,'Very High',': 98.43','Very Low',Lebanon,Middle East and North Africa,4.584,0.055,4.691,4.477,9.626,0.848,67.355,0.525,-0.073,0.898,2.43,1.045,0.868,0.595,0.175,0.14,0.026,1.736,5261372.0,2021,4.85022039012906,-0.2662203901290603,0.9455868161235245,0.8935624519107463
Lesotho,0.0,,32.75,'Low',55.56,'Moderate',0.0,,0.0,,3.11,'Very Low',51.0,'High',58.62,'Moderate',0.0,,Lesotho,Sub-Saharan Africa,3.512,0.12,3.748,3.276,7.926,0.787,48.7,0.715,-0.131,0.915,2.43,0.451,0.731,0.007,0.405,0.103,0.015,1.8,2177740.0,2021,4.522949692962237,-1.0109496929622366,1.1408624229979465,
Liberia,33.34,'Very Low',19.13,'Very Low',38.89,'Low',0.0,,64.1,'Moderate',25.57,'Very High',30.0,'Low',91.76,'Very High',0.0,,Liberia,Sub-Saharan Africa,4.625,0.106,4.833,4.417,7.288,0.72,56.498,0.735,0.05,0.85,2.43,0.228,0.58,0.253,0.43,0.221,0.057,2.857,5214030.0,2021,4.522949692962237,0.10205030703776341,0.6883429501929272,0.5201248049921998
Libya,50.47,'Low',44.23,'Moderate',45.45,'Moderate',96.54,'Very High',18.72,'Very Low',7.62,'Low',27.36,'Low',53.02,'Moderate',': 134.14','Moderate',Libya,Middle East and North Africa,5.41,0.076,5.558,5.262,9.622,0.827,62.3,0.771,-0.087,0.667,2.43,1.044,0.821,0.435,0.474,0.131,0.174,2.331,7017224.0,2021,4.85022039012906,0.5597796098709402,0.7295345104333869,2.6960470085470085
Lithuania,80.43,'Moderate',67.72,'High',74.95,'High',67.76,'High',44.73,'Low',12.25,'High',23.36,'Very Low',26.14,'Low',': 172.77','Very High',Lithuania,Central and Eastern Europe,6.255,0.045,6.344,6.167,10.499,0.935,67.906,0.773,-0.203,0.826,2.43,1.35,1.065,0.612,0.476,0.056,0.073,2.624,2711566.0,2021,6.047666549409775,0.2073334505902249,1.1037316290165817,1.7981220657276997
Luxembourg,195.55,'Very High',64.68,'High',75.24,'High',82.62,'Very High',63.72,'Moderate',8.48,'Moderate',27.04,'Low',23.27,'Low',': 224.31','Very High',Luxembourg,Western Europe,7.324,0.037,7.396,7.252,11.647,0.908,72.6,0.907,-0.034,0.386,2.43,1.751,1.003,0.76,0.639,0.166,0.353,2.653,639589.0,2021,6.864193678200183,0.4598063217998165,1.0363636363636364,3.0688951663527937
Madagascar,16.75,'Very Low',35.59,'Low',39.32,'Low',0.0,,21.27,'Very Low',22.4,'Very High',31.75,'Low',86.87,'Very High',0.0,,Madagascar,Sub-Saharan Africa,4.208,0.072,4.349,4.068,7.396,0.686,59.305,0.552,-0.005,0.803,2.43,0.266,0.503,0.341,0.207,0.185,0.087,2.62,27534354.0,2021,4.522949692962237,-0.3149496929622364,0.6630132366579546,0.7874941231781852
Malawi,29.25,'Very Low',43.89,'Moderate',37.5,'Low',0.0,,35.35,'Very Low',81.6,'Very High',20.34,'Very Low',64.16,'High',0.0,,Malawi,Sub-Saharan Africa,3.6,0.092,3.781,3.419,6.958,0.537,57.948,0.78,0.038,0.729,2.43,0.113,0.168,0.298,0.484,0.213,0.134,2.19,20308502.0,2021,4.522949692962237,-0.9229496929622365,0.6471319113688134,0.8274398868458274
Malaysia,86.32,'High',51.03,'Moderate',70.37,'High',56.55,'Moderate',29.82,'Very Low',8.5,'Moderate',37.17,'Moderate',61.14,'High',': 136.22','Moderate',Malaysia,Southeast Asia,5.384,0.049,5.48,5.289,10.238,0.817,67.102,0.895,0.125,0.839,2.43,1.259,0.797,0.587,0.624,0.27,0.064,1.784,33519406.0,2021,5.516256550196491,-0.13225655019649096,1.0487019760960925,2.8947015425888662
Maldives,52.96,'Low',45.91,'Moderate',45.94,'Moderate',0.0,,45.85,'Low',11.61,'Moderate',19.4,'Very Low',74.55,'High',0.0,,Maldives,South Asia,5.198,0.072,5.339,5.057,9.826,0.913,70.6,0.854,0.024,0.825,2.43,1.115,1.015,0.697,0.575,0.204,0.073,1.52,390669.0,2021,4.076092212205721,1.1219077877942798,0.6507082152974505,1.1550708833151582
Mali,0.0,,52.92,'Moderate',18.52,'Very Low',0.0,,0.0,,100.71,'Very High',0.0,,85.52,'Very High',0.0,,Mali,Sub-Saharan Africa,4.723,0.082,4.884,4.563,7.744,0.724,51.969,0.697,-0.036,0.827,2.43,0.387,0.59,0.11,0.384,0.164,0.072,3.016,20137527.0,2021,4.522949692962237,0.20005030703776328,0.3563662952914237,
Malta,78.04,'Moderate',57.09,'Moderate',52.12,'Moderate',97.44,'Very High',48.99,'Low',11.14,'Moderate',28.33,'Low',75.5,'High',': 132.54','Moderate',Malta,Western Europe,6.602,0.044,6.688,6.516,10.674,0.931,72.2,0.927,0.133,0.653,2.43,1.411,1.055,0.747,0.664,0.275,0.183,2.268,460891.0,2021,6.864193678200183,-0.262193678200183,0.7218836565096952,1.5929781588079202
Mauritania,56.0,'Low',61.51,'High',46.76,'Moderate',0.0,,41.43,'Low',14.99,'High',0.0,,78.97,'High',0.0,,Mauritania,Sub-Saharan Africa,4.227,0.07,4.365,4.09,8.542,0.795,57.161,0.561,-0.106,0.731,2.43,0.666,0.749,0.273,0.218,0.119,0.133,2.069,4079284.0,2021,4.522949692962237,-0.2959496929622363,0.8180402722135721,1.351677528361091
Mauritius,49.7,'Low',52.71,'Moderate',65.18,'High',0.0,,34.6,'Very Low',8.59,'Moderate',51.17,'High',54.8,'Moderate',0.0,,Mauritius,Sub-Saharan Africa,6.049,0.059,6.165,5.933,10.008,0.905,66.701,0.867,-0.054,0.789,2.43,1.178,0.996,0.574,0.59,0.153,0.096,2.462,1386129.0,2021,4.522949692962237,1.5260503070377638,0.9771967436770065,1.4364161849710984
Mexico,48.48,'Low',46.47,'Moderate',72.39,'High',87.51,'Very High',35.0,'Very Low',11.61,'Moderate',39.29,'Moderate',58.46,'Moderate',': 127.02','Moderate',Mexico,Latin America and Caribbean,6.317,0.053,6.42,6.213,9.859,0.831,68.597,0.862,-0.147,0.799,2.43,1.126,0.83,0.634,0.585,0.092,0.089,2.961,130207371.0,2021,6.077531450325029,0.2394685496749709,1.0552939632928555,1.385142857142857
Moldova,47.77,'Low',55.52,'Moderate',52.12,'Moderate',76.91,'High',31.44,'Very Low',12.92,'High',27.75,'Low',61.33,'High',': 122.53','Moderate',Moldova,Commonwealth of Independent States,5.766,0.046,5.856,5.677,9.454,0.857,65.699,0.822,-0.079,0.918,2.43,0.985,0.888,0.542,0.536,0.137,0.013,2.665,3323875.0,2021,5.48533912390964,0.2806608760903604,0.793314966742264,1.5194020356234097
Mongolia,31.73,'Very Low',47.53,'Moderate',51.63,'Moderate',-3.54,'Low',30.68,'Very Low',16.08,'Very High',31.42,'Low',87.82,'Very High',': 62.52','Very Low',Mongolia,East Asia,5.677,0.042,5.76,5.595,9.4,0.935,62.5,0.708,0.116,0.856,2.43,0.966,1.065,0.442,0.397,0.263,0.053,2.492,3198913.0,2021,5.388822451522537,0.2881775484774627,0.82608,1.0342242503259453
Montenegro,57.92,'Low',64.59,'High',41.05,'Moderate',89.02,'Very High',37.37,'Very Low',12.92,'High',16.89,'Very Low',43.7,'Moderate',': 147.33','High',Montenegro,Central and Eastern Europe,5.581,0.054,5.686,5.475,9.94,0.858,68.699,0.708,-0.034,0.812,2.43,1.155,0.891,0.637,0.397,0.166,0.081,2.254,607414.0,2021,6.047666549409775,-0.4666665494097746,0.5975341708030685,1.54990634198555
Morocco,42.23,'Low',52.34,'Moderate',46.87,'Moderate',86.09,'Very High',27.76,'Very Low',13.42,'High',35.16,'Moderate',68.66,'High',': 110.96','Low',Morocco,Middle East and North Africa,4.918,0.06,5.036,4.8,8.903,0.56,66.208,0.774,-0.236,0.801,2.43,0.792,0.219,0.558,0.477,0.034,0.088,2.749,36561813.0,2021,4.85022039012906,0.06777960987094023,0.7079204929917835,1.5212536023054752
Mozambique,18.54,'Very Low',38.05,'Low',41.15,'Moderate',0.0,,39.14,'Very Low',50.55,'Very High',30.0,'Low',71.57,'High',0.0,,Mozambique,Sub-Saharan Africa,4.794,0.103,4.997,4.592,7.158,0.744,54.706,0.882,0.061,0.684,2.43,0.183,0.634,0.196,0.608,0.228,0.163,2.783,30888034.0,2021,4.522949692962237,0.271050307037763,0.7522026834350893,0.47368421052631576
Namibia,68.25,'Moderate',36.45,'Low',65.07,'High',0.0,,30.18,'Very Low',3.55,'Very Low',26.18,'Very Low',40.72,'Moderate',0.0,,Namibia,Sub-Saharan Africa,4.574,0.064,4.7,4.448,9.161,0.818,56.799,0.719,-0.149,0.847,2.43,0.882,0.801,0.262,0.411,0.091,0.059,2.068,2678191.0,2021,4.522949692962237,0.051050307037763254,1.1456187608936776,2.261431411530815
Nepal,28.36,'Very Low',63.5,'High',57.7,'Moderate',92.64,'Very High',23.48,'Very Low',33.09,'Very High',33.45,'Low',83.87,'Very High',': 88.97','Very Low',Nepal,South Asia,5.269,0.07,5.406,5.132,8.12,0.774,64.233,0.782,0.152,0.727,2.43,0.519,0.702,0.496,0.488,0.287,0.135,2.642,30424878.0,2021,4.076092212205721,1.1929077877942795,0.8982921551227562,1.2078364565587734
Netherlands,134.19,'Very High',73.36,'High',79.47,'High',87.42,'Very High',61.41,'Moderate',7.63,'Low',23.14,'Very Low',21.14,'Low',': 211.85','Very High',Netherlands,Western Europe,7.464,0.027,7.518,7.41,10.932,0.942,72.4,0.913,0.175,0.338,2.43,1.501,1.079,0.753,0.647,0.302,0.384,2.798,17337403.0,2021,6.864193678200183,0.5998063217998171,1.0976519337016573,2.185148998534441
New Zealand,123.9,'Very High',51.87,'Moderate',68.61,'High',95.46,'Very High',59.36,'Low',8.63,'Moderate',32.56,'Low',26.0,'Low',': 186.57','Very High',New Zealand,North America and ANZ,7.277,0.04,7.355,7.198,10.643,0.948,73.4,0.929,0.134,0.242,2.43,1.4,1.094,0.785,0.665,0.276,0.445,2.612,4991442.0,2021,6.984146069359896,0.29285393064010456,0.9347411444141689,2.0872641509433962
Nicaragua,25.14,'Very Low',49.25,'Moderate',61.57,'High',0.0,,31.13,'Very Low',18.98,'Very High',53.83,'High',60.78,'High',0.0,,Nicaragua,Latin America and Caribbean,5.972,0.083,6.134,5.81,8.62,0.864,67.657,0.836,0.02,0.664,2.43,0.693,0.904,0.604,0.553,0.201,0.176,2.841,6243931.0,2021,6.077531450325029,-0.10553145032502886,0.9100314823299881,0.8075811114680373
Niger,7.04,'Very Low',33.38,'Low',30.56,'Low',0.0,,132.99,'Very High',"'2,746.00'",'Very High',20.0,'Very Low',63.79,'High',0.0,,Niger,Sub-Saharan Africa,5.074,0.102,5.273,4.875,7.098,0.641,53.78,0.806,0.018,0.693,2.43,0.162,0.402,0.167,0.516,0.2,0.157,3.47,23605767.0,2021,4.522949692962237,0.5510503070377633,0.5682409817776125,0.05293631100082713
Nigeria,11.37,'Very Low',33.51,'Low',48.17,'Moderate',60.75,'High',27.29,'Very Low',25.59,'Very High',65.31,'Very High',87.91,'Very High',': 41.24','Very Low',Nigeria,Sub-Saharan Africa,4.759,0.052,4.861,4.658,8.533,0.74,50.102,0.737,0.037,0.878,2.43,0.663,0.625,0.051,0.433,0.212,0.039,2.736,219463862.0,2021,4.522949692962237,0.23605030703776375,0.9614386651231489,0.4166361304507145
Norway,122.3,'Very High',67.05,'High',75.65,'High',68.5,'High',71.27,'Moderate',8.38,'Moderate',26.67,'Very Low',18.32,'Very Low',': 194.48','Very High',Norway,Western Europe,7.392,0.035,7.462,7.323,11.053,0.954,73.3,0.96,0.093,0.27,2.43,1.543,1.108,0.782,0.703,0.249,0.427,2.58,5509591.0,2021,6.864193678200183,0.527806321799817,1.0320600272851297,1.716009541181423
Pakistan,30.57,'Very Low',56.31,'Moderate',59.38,'Moderate',71.93,'High',17.9,'Very Low',14.3,'High',38.01,'Moderate',73.31,'High',': 104.14','Low',Pakistan,South Asia,4.934,0.068,5.066,4.802,8.458,0.651,58.709,0.726,0.098,0.787,2.43,0.637,0.423,0.322,0.418,0.252,0.097,2.784,238181034.0,2021,4.076092212205721,0.8579077877942796,1.0114292527551143,1.7078212290502794
Panama,44.91,'Low',57.32,'Moderate',60.66,'High',67.84,'High',43.83,'Low',11.68,'Moderate',35.24,'Moderate',55.63,'Moderate',': 122.74','Moderate',Panama,Latin America and Caribbean,6.18,0.073,6.323,6.036,10.35,0.896,69.652,0.872,-0.166,0.856,2.43,1.298,0.976,0.667,0.596,0.079,0.053,2.509,3928646.0,2021,6.077531450325029,0.10246854967497043,0.8709010509389536,1.0246406570841888
Paraguay,41.24,'Low',39.84,'Low',64.52,'High',92.24,'Very High',23.19,'Very Low',15.68,'High',42.83,'High',66.16,'High',': 109.45','Low',Paraguay,Latin America and Caribbean,5.653,0.092,5.832,5.473,9.448,0.893,65.9,0.876,0.028,0.882,2.43,0.983,0.97,0.549,0.602,0.206,0.037,2.306,7272639.0,2021,6.077531450325029,-0.4245314503250297,0.9790591805766311,1.7783527382492454
Peru,39.16,'Very Low',32.77,'Low',56.28,'Moderate',97.69,'Very High',29.43,'Very Low',18.58,'Very High',49.78,'High',82.19,'Very High',': 85.92','Very Low',Peru,Latin America and Caribbean,5.84,0.075,5.988,5.692,9.458,0.832,68.25,0.822,-0.154,0.891,2.43,0.986,0.833,0.623,0.536,0.087,0.031,2.744,32201224.0,2021,6.077531450325029,-0.23753145032502943,0.8246153846153846,1.3306150186884131
Philippines,37.95,'Very Low',56.92,'Moderate',67.2,'High',61.23,'High',28.77,'Very Low',22.2,'Very High',41.29,'High',72.38,'High',': 96.95','Very Low',Philippines,Southeast Asia,5.88,0.052,5.982,5.778,9.076,0.83,62.0,0.917,-0.097,0.742,2.43,0.853,0.828,0.426,0.651,0.125,0.126,2.872,110818325.0,2021,5.516256550196491,0.3637434498035086,1.0838709677419356,1.3190823774765381
Poland,93.75,'High',70.99,'High',57.92,'Moderate',75.9,'High',39.35,'Very Low',11.03,'Moderate',31.79,'Low',55.51,'Moderate',': 153.60','High',Poland,Central and Eastern Europe,6.166,0.04,6.245,6.087,10.382,0.898,69.702,0.841,-0.165,0.735,2.43,1.309,0.982,0.668,0.558,0.08,0.13,2.438,38185913.0,2021,6.047666549409775,0.11833345059022538,0.8309661128805487,2.3824650571791612
Portugal,62.54,'Moderate',68.17,'High',72.42,'High',97.31,'Very High',41.72,'Low',13.97,'High',28.65,'Low',28.8,'Low',': 168.85','Very High',Portugal,Western Europe,5.929,0.055,6.037,5.821,10.421,0.879,72.6,0.892,-0.244,0.887,2.43,1.323,0.939,0.76,0.621,0.029,0.033,2.225,10263850.0,2021,6.864193678200183,-0.9351936782001831,0.9975206611570249,1.4990412272291467
Romania,73.36,'Moderate',67.82,'High',56.51,'Moderate',77.0,'High',34.66,'Very Low',10.16,'Moderate',33.36,'Low',58.61,'Moderate',': 142.14','Moderate',Romania,Central and Eastern Europe,6.14,0.057,6.253,6.027,10.284,0.832,67.355,0.845,-0.219,0.938,2.43,1.275,0.832,0.595,0.564,0.045,0.001,2.83,21230362.0,2021,6.047666549409775,0.09233345059022469,0.8389874545319574,2.116560877091749
Russia,55.66,'Low',61.3,'High',61.41,'High',43.6,'Moderate',25.25,'Very Low',14.84,'High',43.35,'High',59.13,'Moderate',': 113.56','Low',Russia,Commonwealth of Independent States,5.477,0.033,5.541,5.413,10.189,0.903,64.703,0.718,-0.111,0.845,2.43,1.241,0.992,0.511,0.409,0.115,0.06,2.148,142320790.0,2021,5.48533912390964,-0.008339123909639312,0.9491059147180192,2.204356435643564
Rwanda,20.5,'Very Low',72.81,'High',72.87,'High',99.74,'Very High',37.05,'Very Low',446.83,'Very High',15.67,'Very Low',39.22,'Low',': 0.00','Very Low',Rwanda,Sub-Saharan Africa,3.415,0.068,3.548,3.282,7.676,0.552,61.4,0.897,0.061,0.167,2.43,0.364,0.202,0.407,0.627,0.227,0.493,1.095,12943132.0,2021,4.522949692962237,-1.1079496929622366,1.1868078175895767,0.553306342780027
Saudi Arabia,147.37,'Very High',76.23,'High',61.71,'High',45.98,'Moderate',42.06,'Low',3.09,'Very Low',29.87,'Low',62.46,'High',': 173.20','Very High',Saudi Arabia,Middle East and North Africa,6.494,0.056,6.604,6.384,10.743,0.891,66.603,0.877,-0.149,0.684,2.43,1.435,0.964,0.571,0.603,0.09,0.163,2.668,34783757.0,2021,4.85022039012906,1.6437796098709399,0.9265348407729382,3.503804089396101
Senegal,21.72,'Very Low',49.82,'Moderate',48.38,'Moderate',0.0,,40.61,'Low',24.07,'Very High',25.0,'Very Low',95.87,'Very High',0.0,,Senegal,Sub-Saharan Africa,5.132,0.068,5.266,4.998,8.118,0.71,59.802,0.695,-0.046,0.801,2.43,0.518,0.558,0.357,0.381,0.158,0.088,3.071,16082442.0,2021,4.522949692962237,0.6090503070377631,0.8090030433764758,0.5348436345727653
Serbia,58.05,'Low',62.75,'High',51.96,'Moderate',83.23,'Very High',36.18,'Very Low',16.78,'Very High',30.72,'Low',65.62,'High',': 123.62','Moderate',Serbia,Central and Eastern Europe,6.078,0.053,6.181,5.974,9.787,0.873,68.6,0.778,0.002,0.835,2.43,1.101,0.924,0.634,0.482,0.189,0.066,2.682,6974289.0,2021,6.047666549409775,0.030333450590225297,0.7574344023323616,1.6044776119402984
Sierra Leone,0.0,,42.9,'Moderate',31.25,'Low',0.0,,0.0,,3.23,'Very Low',0.0,,106.03,'Very High',0.0,,Sierra Leone,Sub-Saharan Africa,3.849,0.077,4.001,3.698,7.434,0.63,51.651,0.717,0.084,0.866,2.43,0.279,0.377,0.1,0.408,0.243,0.047,2.396,6807277.0,2021,4.522949692962237,-0.6739496929622364,0.605022168012236,
Singapore,108.8,'High',72.48,'High',71.9,'High',57.45,'Moderate',79.72,'High',20.4,'Very High',40.87,'Moderate',32.61,'Low',': 157.13','High',Singapore,Southeast Asia,6.377,0.043,6.46,6.293,11.488,0.915,76.953,0.927,-0.018,0.082,2.43,1.695,1.019,0.897,0.664,0.176,0.547,1.379,5866139.0,2021,5.516256550196491,0.8607434498035085,0.9343365430847401,1.3647767185148019
Slovakia,75.25,'Moderate',69.2,'High',58.6,'Moderate',80.72,'Very High',43.24,'Low',14.2,'High',27.41,'Low',37.3,'Low',': 157.96','High',Slovakia,Central and Eastern Europe,6.331,0.041,6.411,6.251,10.369,0.936,69.201,0.766,-0.124,0.911,2.43,1.304,1.066,0.653,0.468,0.107,0.018,2.714,5436066.0,2021,6.047666549409775,0.2833334505902254,0.8468085721304607,1.740286771507863
Slovenia,85.89,'High',76.17,'High',66.26,'High',76.11,'High',47.58,'Low',13.09,'High',25.39,'Very Low',22.25,'Low',': 178.94','Very High',Slovenia,Central and Eastern Europe,6.461,0.043,6.546,6.376,10.529,0.948,71.4,0.949,-0.101,0.806,2.43,1.36,1.093,0.722,0.69,0.122,0.085,2.388,2102106.0,2021,6.047666549409775,0.4133334505902253,0.9280112044817928,1.8051702395964693
South Africa,123.08,'Very High',25.36,'Low',63.83,'High',95.25,'Very High',31.3,'Very Low',3.21,'Very Low',38.61,'Moderate',56.56,'Moderate',': 155.84','High',South Africa,Sub-Saharan Africa,4.956,0.06,5.074,4.839,9.403,0.86,56.904,0.749,-0.067,0.86,2.43,0.967,0.895,0.265,0.447,0.144,0.051,2.187,56978635.0,2021,4.522949692962237,0.4330503070377638,1.121713763531562,3.9322683706070287
Spain,101.41,'High',63.51,'High',77.26,'High',94.04,'Very High',44.41,'Low',8.28,'Moderate',26.76,'Very Low',35.7,'Low',': 184.67','Very High',Spain,Western Europe,6.491,0.042,6.574,6.408,10.571,0.932,74.7,0.761,-0.081,0.745,2.43,1.375,1.057,0.826,0.462,0.135,0.124,2.513,47260584.0,2021,6.864193678200183,-0.3731936782001837,1.0342704149933066,2.2834947083990094
Sri Lanka,17.98,'Very Low',57.9,'Moderate',71.36,'High',59.11,'Moderate',33.96,'Very Low',39.94,'Very High',54.52,'High',57.94,'Moderate',': 75.17','Very Low',Sri Lanka,South Asia,4.325,0.066,4.454,4.196,9.47,0.827,67.299,0.841,0.079,0.863,2.43,0.99,0.82,0.593,0.559,0.239,0.049,1.075,23044123.0,2021,4.076092212205721,0.24890778779427958,1.060342649965081,0.5294464075382803
Sweden,134.51,'Very High',51.74,'Moderate',68.43,'High',76.49,'High',54.84,'Low',7.45,'Low',28.72,'Low',17.66,'Very Low',': 193.48','Very High',Sweden,Western Europe,7.363,0.036,7.433,7.293,10.867,0.934,72.7,0.945,0.086,0.237,2.43,1.478,1.062,0.763,0.685,0.244,0.448,2.683,10261767.0,2021,6.864193678200183,0.4988063217998171,0.9412654745529574,2.4527716994894235
Switzerland,165.31,'Very High',73.69,'High',71.5,'High',79.24,'High',101.18,'Very High',10.94,'Moderate',33.28,'Low',23.06,'Low',': 204.91','Very High',Switzerland,Western Europe,7.571,0.036,7.643,7.5,11.117,0.942,74.4,0.919,0.025,0.292,2.43,1.566,1.079,0.816,0.653,0.204,0.413,2.839,8453550.0,2021,6.864193678200183,0.7068063217998164,0.961021505376344,1.6338209132239572
Tajikistan,23.92,'Very Low',55.6,'Moderate',61.9,'High',0.0,,24.6,'Very Low',16.11,'Very High',27.0,'Low',54.02,'Moderate',0.0,,Tajikistan,Commonwealth of Independent States,5.466,0.034,5.532,5.4,8.091,0.86,64.281,0.832,-0.056,0.553,2.43,0.508,0.895,0.498,0.548,0.152,0.247,2.619,8990874.0,2021,5.48533912390964,-0.019339123909639433,0.9629595059193229,0.9723577235772358
Tanzania,23.52,'Very Low',46.46,'Moderate',42.14,'Moderate',71.28,'High',25.31,'Very Low',134.04,'Very High',27.79,'Low',62.48,'High',': 0.00','Very Low',Tanzania,Sub-Saharan Africa,3.623,0.071,3.762,3.485,7.876,0.702,57.999,0.833,0.183,0.577,2.43,0.433,0.54,0.3,0.549,0.307,0.231,1.263,62092761.0,2021,4.522949692962237,-0.8999496929622364,0.7265642511077777,0.9292769656262347
Thailand,46.07,'Low',62.49,'High',77.36,'High',69.76,'High',33.88,'Very Low',25.31,'Very High',38.71,'Moderate',75.65,'High',': 105.37','Low',Thailand,Southeast Asia,5.985,0.047,6.077,5.893,9.805,0.888,67.401,0.884,0.287,0.895,2.43,1.107,0.957,0.596,0.611,0.375,0.028,2.309,69480520.0,2021,5.516256550196491,0.468743449803509,1.1477574516698565,1.3597992916174733
Togo,50.92,'Low',54.84,'Moderate',54.17,'Moderate',0.0,,31.91,'Very Low',7.42,'Low',7.0,'Very Low',82.5,'Very High',0.0,,Togo,Sub-Saharan Africa,4.107,0.077,4.258,3.956,7.362,0.569,54.914,0.619,0.032,0.772,2.43,0.254,0.239,0.203,0.289,0.209,0.107,2.806,8283189.0,2021,4.522949692962237,-0.4159496929622364,0.9864515424117711,1.5957380131620182
Tunisia,33.55,'Very Low',55.23,'Moderate',57.17,'Moderate',93.24,'Very High',25.71,'Very Low',13.06,'High',34.39,'Low',70.08,'High',': 115.44','Low',Tunisia,Middle East and North Africa,4.596,0.058,4.709,4.484,9.266,0.691,67.201,0.656,-0.201,0.87,2.43,0.919,0.515,0.59,0.334,0.057,0.044,2.138,11811335.0,2021,4.85022039012906,-0.25422039012905984,0.8507313879257751,1.3049397121742512
Turkey,52.08,'Low',58.74,'Moderate',71.22,'High',93.26,'Very High',35.37,'Very Low',11.05,'Moderate',43.81,'High',64.29,'High',': 130.42','Moderate',Turkey,Middle East and North Africa,4.948,0.046,5.038,4.857,10.24,0.822,67.199,0.576,-0.139,0.776,2.43,1.26,0.809,0.59,0.236,0.097,0.104,1.852,82482383.0,2021,4.85022039012906,0.09777960987094048,1.0598371999583327,1.4724342663273962
Turkmenistan,0.0,,51.24,'Moderate',49.83,'Moderate',0.0,,0.0,,25.99,'Very High',17.29,'Very Low',38.15,'Low',0.0,,Turkmenistan,Commonwealth of Independent States,5.066,0.036,5.136,4.996,9.629,0.983,62.409,0.877,0.273,0.888,2.43,1.046,1.172,0.439,0.602,0.366,0.033,1.409,5579889.0,2021,5.48533912390964,-0.4193391239096398,0.7984425323270682,
Uganda,10.33,'Very Low',45.88,'Moderate',50.05,'Moderate',98.41,'Very High',47.97,'Low',"'1,075.92'",'Very High',44.5,'High',84.05,'Very High',': 0.00','Very Low',Uganda,Sub-Saharan Africa,4.636,0.073,4.78,4.493,7.677,0.781,56.101,0.709,0.122,0.855,2.43,0.364,0.718,0.24,0.398,0.267,0.054,2.596,44712143.0,2021,4.522949692962237,0.11305030703776353,0.892140960054188,0.21534292265999583
Ukraine,47.67,'Low',53.13,'Moderate',55.74,'Moderate',70.69,'High',24.38,'Very Low',13.88,'High',37.92,'Moderate',62.16,'High',': 114.78','Low',Ukraine,Commonwealth of Independent States,4.875,0.052,4.977,4.773,9.436,0.888,64.902,0.724,-0.011,0.924,2.43,0.979,0.958,0.517,0.417,0.181,0.01,1.813,43745640.0,2021,5.48533912390964,-0.6103391239096396,0.8588333179254877,1.9552912223133718
United Arab Emirates,132.31,'Very High',84.43,'Very High',70.63,'High',45.84,'Moderate',53.8,'Low',6.77,'Low',35.77,'Moderate',47.98,'Moderate',': 176.65','Very High',United Arab Emirates,Middle East and North Africa,6.561,0.039,6.637,6.484,11.085,0.844,67.333,0.932,0.074,0.589,2.43,1.555,0.86,0.594,0.67,0.236,0.223,2.422,9856612.0,2021,4.85022039012906,1.71077960987094,1.048965588938559,2.459293680297398
United Kingdom,125.05,'Very High',51.88,'Moderate',72.92,'High',87.41,'Very High',59.67,'Low',8.75,'Moderate',34.74,'Low',40.47,'Moderate',': 175.20','Very High',United Kingdom,Western Europe,7.064,0.038,7.138,6.99,10.707,0.934,72.5,0.859,0.233,0.459,2.43,1.423,1.062,0.757,0.58,0.34,0.306,2.596,67081000.0,2020,6.864193678200183,0.19980632179981672,1.0057931034482759,2.095692978045919
United States,153.02,'Very High',50.74,'Moderate',67.86,'High',79.14,'High',65.69,'Moderate',3.54,'Very Low',32.91,'Low',36.61,'Low',': 189.14','Very High',United States,North America and ANZ,6.951,0.049,7.047,6.856,11.023,0.92,68.2,0.837,0.098,0.698,2.43,1.533,1.03,0.621,0.554,0.252,0.154,2.807,334998398.0,2021,6.984146069359896,-0.03314606935989595,0.9950146627565982,2.3294260922514844
Uruguay,57.92,'Low',48.2,'Moderate',68.57,'High',98.04,'Very High',47.39,'Low',12.28,'High',39.52,'Moderate',43.49,'Moderate',': 141.60','Moderate',Uruguay,Latin America and Caribbean,6.431,0.046,6.521,6.341,9.966,0.925,69.1,0.896,-0.092,0.59,2.43,1.164,1.042,0.649,0.625,0.128,0.223,2.6,3398239.0,2021,6.077531450325029,0.35346854967497077,0.99232995658466,1.2221987761131041
Uzbekistan,44.66,'Low',71.97,'High',61.82,'High',69.79,'High',24.4,'Very Low',13.08,'High',34.3,'Low',53.07,'Moderate',': 133.78','Moderate',Uzbekistan,Commonwealth of Independent States,6.179,0.068,6.312,6.045,8.836,0.918,65.255,0.97,0.311,0.515,2.43,0.769,1.027,0.528,0.716,0.391,0.271,2.477,30842796.0,2021,5.48533912390964,0.6936608760903606,0.9473603555283121,1.830327868852459
Venezuela,15.11,'Very Low',19.26,'Very Low',38.69,'Low',0.0,,35.85,'Very Low',17.49,'Very High',32.8,'Low',75.3,'High',0.0,,Venezuela,Latin America and Caribbean,4.892,0.064,5.017,4.767,9.073,0.861,66.7,0.615,-0.169,0.827,2.43,0.852,0.897,0.574,0.284,0.078,0.072,2.135,29069153.0,2021,6.077531450325029,-1.185531450325029,0.5800599700149924,0.42147838214783817
Vietnam,44.49,'Low',59.0,'Moderate',61.32,'High',71.24,'High',26.85,'Very Low',24.77,'Very High',29.62,'Low',84.19,'Very High',': 97.18','Very Low',Vietnam,Southeast Asia,5.411,0.039,5.488,5.334,8.973,0.85,68.034,0.94,-0.098,0.796,2.43,0.817,0.873,0.616,0.679,0.124,0.091,2.211,102789598.0,2021,5.516256550196491,-0.10525655019649172,0.9013140488579239,1.6569832402234637
Yemen,20.74,'Very Low',34.07,'Low',25.31,'Low',0.0,,48.66,'Low',15.98,'High',15.0,'Very Low',83.17,'Very High',0.0,,Yemen,Middle East and North Africa,3.658,0.07,3.794,3.521,7.578,0.832,57.122,0.602,-0.147,0.8,2.43,0.329,0.831,0.272,0.268,0.092,0.089,1.776,30399243.0,2021,4.85022039012906,-1.19222039012906,0.44308672665522914,0.426222770242499
Zambia,22.32,'Very Low',54.39,'Moderate',54.44,'Moderate',0.0,,36.74,'Very Low',72.42,'Very High',38.86,'Moderate',80.9,'Very High',0.0,,Zambia,Sub-Saharan Africa,4.073,0.069,4.209,3.938,8.145,0.708,55.809,0.782,0.061,0.823,2.43,0.528,0.552,0.231,0.487,0.227,0.074,1.975,19077816.0,2021,4.522949692962237,-0.4499496929622362,0.9754699062875164,0.6075122482308111
Zimbabwe,28.76,'Very Low',39.31,'Low',44.8,'Moderate',96.76,'Very High',35.36,'Very Low',17.35,'Very High',27.79,'Low',78.53,'High',': 94.20','Very Low',Zimbabwe,Sub-Saharan Africa,3.145,0.058,3.259,3.03,7.943,0.75,56.201,0.677,-0.047,0.821,2.43,0.457,0.649,0.243,0.359,0.157,0.075,1.205,14829988.0,2021,4.522949692962237,-1.3779496929622366,0.7971388409458906,0.8133484162895929
